Suburb,Address,Rooms,Type,Price,Method,SellerG,Date,Distance,Postcode,Bedroom2,Bathroom,Car,Landsize,BuildingArea,YearBuilt,CouncilArea,Lattitude,Longtitude,Regionname,Propertycount
Altona,5/35 Grieve Pde,2,u,406,SP,hockingstuart,6/8/2016,13.8,3018,2,1,1,65,,,Hobsons Bay,-37.8693,144.8171,Western Metropolitan,5301
Altona,4/57 Blyth St,3,u,730,SP,Barlow,13/08/2016,13.8,3018,3,2,1,69,141,2014,Hobsons Bay,-37.868,144.8286,Western Metropolitan,5301
Altona,1/57 Blyth St,3,u,730,SP,Barlow,16/04/2016,13.8,3018,3,2,1,70,,,Hobsons Bay,-37.868,144.8287,Western Metropolitan,5301
Altona,5/57 Blyth St,3,u,730,SP,Barlow,28/05/2016,13.8,3018,3,2,1,70,3,2014,Hobsons Bay,-37.868,144.8285,Western Metropolitan,5301
Ashwood,4/24 Mulgrave St,2,u,535,S,Woodards,18/06/2016,12.2,3147,2,1,1,72,,,Monash,-37.8702,145.1042,Southern Metropolitan,2894
Altona North,3/66 Marion St,2,t,421,S,hockingstuart,4/3/2017,11.1,3025,2,1,1,77,77,2009,Hobsons Bay,-37.8351,144.8529,Western Metropolitan,5132
Albert Park,6 Brooke St,2,h,980,S,Greg,28/05/2016,3.3,3206,2,1,0,79,68,1890,Port Phillip,-37.8387,144.9519,Southern Metropolitan,3280
Albert Park,9 Durham St,1,h,985,S,Marshall,30/07/2016,3.3,3206,1,1,0,81,54,1900,Port Phillip,-37.8411,144.9497,Southern Metropolitan,3280
Alphington,3/19 Harker St,2,u,526,S,Miles,12/11/2016,6.4,3078,2,1,1,88,60,1960,Darebin,-37.7791,145.0306,Northern Metropolitan,2211
Albert Park,24 Kerferd Pl,3,h,1800,S,Marshall,10/9/2016,3.3,3206,3,2,1,90,122,1900,Port Phillip,-37.8421,144.9571,Southern Metropolitan,3280
Abbotsford,40 Federation La,3,h,850,PI,Biggin,4/3/2017,2.5,3067,3,2,1,94,,,Yarra,-37.7969,144.9969,Northern Metropolitan,4019
Abbotsford,159 Park St,2,h,1135,S,Nelson,22/08/2016,2.5,3067,2,2,2,98,128,1920,Yarra,-37.8005,144.9952,Northern Metropolitan,4019
Armadale,4/769 High St,3,t,1205,S,Jellis,3/12/2016,6.3,3143,3,2,2,101,105,2000,Stonnington,-37.854,145.0135,Southern Metropolitan,4836
Armadale,3/769 High St,3,t,1101,S,Jellis,27/11/2016,6.3,3143,3,1,2,103,3,2000,Stonnington,-37.8542,145.0135,Southern Metropolitan,4836
Airport West,2/252 Parer Rd,2,t,450,S,Barry,7/5/2016,13.5,3042,2,1,1,110,90,2015,Moonee Valley,-37.7216,144.871,Western Metropolitan,3464
Abbotsford,42 Henry St,3,h,1200,S,Jellis,16/07/2016,2.5,3067,3,2,1,113,110,1880,Yarra,-37.8056,144.993,Northern Metropolitan,4019
Ascot Vale,2/225 Maribyrnong Rd,2,t,705,S,Brad,18/06/2016,5.9,3032,2,2,1,113,,1998,Moonee Valley,-37.7712,144.9088,Western Metropolitan,6567
Balaclava,1/34 Gourlay St,2,t,1015,S,Gary,7/11/2016,6.6,3183,2,1,2,114,120,2000,Port Phillip,-37.8723,144.9961,Southern Metropolitan,2952
Altona,4/5 Rose St,2,u,425,S,hockingstuart,10/9/2016,13.8,3018,2,1,2,115,57,1980,Hobsons Bay,-37.871,144.8185,Western Metropolitan,5301
Ascot Vale,63 Kent St,2,h,751,PI,Nelson,7/5/2016,5.9,3032,2,1,1,118,79,1890,Moonee Valley,-37.7807,144.9288,Western Metropolitan,6567
Abbotsford,55a Park St,4,h,1600,VB,Nelson,4/6/2016,2.5,3067,3,1,2,120,142,2014,Yarra,-37.8072,144.9941,Northern Metropolitan,4019
Abbotsford,45 Yarra St,3,h,1195,SP,Jellis,27/11/2016,2.5,3067,3,2,1,120,128,1998,Yarra,-37.8022,144.9954,Northern Metropolitan,4019
Airport West,2/62 Clydesdale Rd,2,u,530,S,Nelson,10/9/2016,13.5,3042,2,1,1,120,94,2012,Moonee Valley,-37.7234,144.8792,Western Metropolitan,3464
Albert Park,105 Kerferd Rd,2,h,1275,S,hockingstuart,3/9/2016,3.3,3206,2,1,0,120,82,1900,Port Phillip,-37.8459,144.9555,Southern Metropolitan,3280
Albert Park,55 Merton St,3,h,2100,SP,Marshall,23/04/2016,3.3,3206,2,1,1,120,123,1900,Port Phillip,-37.8427,144.9546,Southern Metropolitan,3280
Abbotsford,52a William St,2,h,1100,PI,Biggin,18/06/2016,2.5,3067,2,2,1,124,135,2013,Yarra,-37.8079,144.9977,Northern Metropolitan,4019
Ascot Vale,73 Kent St,2,h,760,PI,Nelson,27/06/2016,5.9,3032,2,1,1,124,77,1900,Moonee Valley,-37.7807,144.9285,Western Metropolitan,6567
Altona,3/26 Grieve Pde,2,u,510,S,Village,10/9/2016,13.8,3018,2,1,1,127,76,1990,Hobsons Bay,-37.8686,144.8182,Western Metropolitan,5301
Albert Park,94 Graham St,3,h,1850,S,Greg,4/3/2017,3.3,3206,3,2,0,128,133,1890,Port Phillip,-37.8452,144.9488,Southern Metropolitan,3280
Albert Park,31 Richardson St,3,h,1300,S,hockingstuart,10/12/2016,3.3,3206,3,1,0,129,,,Port Phillip,-37.8422,144.949,Southern Metropolitan,3280
Albert Park,396 Montague St,2,h,1436,S,RT,4/3/2017,3.3,3206,2,1,0,130,81,1900,Port Phillip,-37.8431,144.9565,Southern Metropolitan,3280
Albert Park,1 Moubray St,3,h,1800,VB,Greg,7/11/2016,3.3,3206,3,2,1,132,159,1996,Port Phillip,-37.8415,144.952,Southern Metropolitan,3280
Abbotsford,5 Charles St,3,h,1465,SP,Biggin,4/3/2017,2.5,3067,3,2,0,134,150,1900,Yarra,-37.8093,144.9944,Northern Metropolitan,4019
Albert Park,32 Page St,2,h,1340,S,Greg,25/02/2017,3.3,3206,2,1,0,136,,,Port Phillip,-37.846,144.9517,Southern Metropolitan,3280
Avondale Heights,2/6 Nelson Ct,2,t,585,S,Barry,11/2/2017,10.5,3034,2,1,1,136,,2012,Moonee Valley,-37.7623,144.8613,Western Metropolitan,4502
Altona,3/46 Sargood St,2,u,447,S,Burnham,15/10/2016,13.8,3018,2,1,1,137,77,1990,Hobsons Bay,-37.8655,144.8299,Western Metropolitan,5301
Abbotsford,78 Yarra St,3,h,1177,S,LITTLE,16/07/2016,2.5,3067,2,1,1,138,105,1890,Yarra,-37.8021,144.9965,Northern Metropolitan,4019
Airport West,3/19 Hart St,2,u,515,S,Barry,7/11/2016,13.5,3042,2,1,1,141,73,2013,Moonee Valley,-37.7298,144.8883,Western Metropolitan,3464
Airport West,2/13 North St,2,u,510,S,Nelson,22/08/2016,13.5,3042,2,1,1,141,76,,Moonee Valley,-37.7202,144.8797,Western Metropolitan,3464
Albert Park,364 Montague St,2,h,1563,S,Greg,15/10/2016,3.3,3206,2,1,0,141,83,1890,Port Phillip,-37.8424,144.9562,Southern Metropolitan,3280
Armadale,10 William St,1,h,1435,SP,Jellis,8/10/2016,6.3,3143,2,2,1,144,107,1900,Stonnington,-37.8564,145.0228,Southern Metropolitan,4836
Ascot Vale,3/8 Walter St,2,t,865,SP,Nelson,18/03/2017,5.9,3032,2,2,1,146,132,2015,Moonee Valley,-37.7713,144.9038,Western Metropolitan,6567
Abbotsford,49 Park St,2,h,1315,S,Marshall,19/11/2016,2.5,3067,2,1,0,147,85,1900,Yarra,-37.808,144.994,Northern Metropolitan,4019
Abbotsford,166 Gipps St,3,h,1290,S,Biggin,25/02/2017,2.5,3067,3,2,2,147,18,,Yarra,-37.805,144.9943,Northern Metropolitan,4019
Albert Park,75 Graham St,2,h,1110,S,Marshall,6/8/2016,3.3,3206,1,1,0,147,,1900,Port Phillip,-37.8444,144.9484,Southern Metropolitan,3280
Albert Park,97 Page St,3,h,3010,S,Greg,18/03/2017,3.3,3206,3,2,0,147,146,1890,Port Phillip,-37.8473,144.9551,Southern Metropolitan,3280
Albert Park,17 Reed St,3,h,1740,PI,Marshall,28/08/2016,3.3,3206,3,2,2,147,134,1890,Port Phillip,-37.8448,144.9453,Southern Metropolitan,3280
Albert Park,65 Graham St,2,h,1323,S,Greg,15/10/2016,3.3,3206,2,1,0,149,98,1890,Port Phillip,-37.8443,144.9481,Southern Metropolitan,3280
Abbotsford,42 Valiant St,2,h,890,S,Biggin,17/09/2016,2.5,3067,2,1,1,150,73,1985,Yarra,-37.8011,145.0004,Northern Metropolitan,4019
Albert Park,227a Danks St,3,h,2030,S,hockingstuart,28/08/2016,3.3,3206,3,2,0,152,,,Port Phillip,-37.8488,144.9551,Southern Metropolitan,3280
Albert Park,104 Richardson St,4,h,2300,S,Marshall,7/5/2016,3.3,3206,4,2,1,153,180,1880,Port Phillip,-37.8447,144.9523,Southern Metropolitan,3280
Altona North,4/221 Blackshaws Rd,2,u,292,S,Jas,28/08/2016,11.1,3025,2,1,1,153,70,1970,Hobsons Bay,-37.8332,144.8649,Western Metropolitan,5132
Ashburton,2/17 Ashburn Gr,3,t,900,S,Jellis,19/11/2016,11,3147,3,2,2,153,110,1990,Boroondara,-37.8655,145.0808,Southern Metropolitan,3052
Ashwood,4/36 Queens Pde,2,u,600,S,Noel,18/03/2017,12.2,3147,2,1,1,153,80,1970,Monash,-37.8696,145.0962,Southern Metropolitan,2894
Altona,2/60 David St,2,h,536,SP,Compton,30/07/2016,13.8,3018,2,1,1,154,91,1996,Hobsons Bay,-37.8646,144.8272,Western Metropolitan,5301
Alphington,4/2 Miller St,2,t,805,S,Miles,12/11/2016,6.4,3078,2,2,3,155,140,2004,Darebin,-37.7804,145.0308,Northern Metropolitan,2211
Abbotsford,25 Bloomburg St,2,h,1035,S,Biggin,4/2/2016,2.5,3067,2,1,0,156,79,1900,Yarra,-37.8079,144.9934,Northern Metropolitan,4019
Avondale Heights,1/4 Weyburn Pl,2,t,550,SP,Moonee,24/09/2016,10.5,3034,2,1,2,158,,1993,Moonee Valley,-37.7592,144.8681,Western Metropolitan,4502
Albert Park,85 Richardson St,2,h,1455,S,Thomson,3/9/2016,3.3,3206,2,1,0,159,,,Port Phillip,-37.845,144.9538,Southern Metropolitan,3280
Airport West,3/7 South Rd,3,t,540,SP,Nelson,18/06/2016,13.5,3042,2,2,1,161,101,2010,Moonee Valley,-37.7231,144.8802,Western Metropolitan,3464
Abbotsford,47 Studley St,2,h,1180,S,Jellis,27/11/2016,2.5,3067,2,1,0,162,91,1900,Yarra,-37.8016,144.9956,Northern Metropolitan,4019
Albert Park,44 Greig St,2,h,1750,S,Marshall,27/11/2016,3.3,3206,2,1,1,162,,,Port Phillip,-37.8416,144.9488,Southern Metropolitan,3280
Airport West,4/54 Hawker St,2,u,463,S,Barry,16/07/2016,13.5,3042,2,1,1,164,,2003,Moonee Valley,-37.7218,144.8863,Western Metropolitan,3464
Airport West,2/40 Earl St,3,t,700,PI,Brad,15/10/2016,13.5,3042,3,2,2,165,133,2009,Moonee Valley,-37.727,144.887,Western Metropolitan,3464
Abbotsford,48 Abbotsford St,3,h,1448,PI,Nelson,22/08/2016,2.5,3067,3,3,1,166,174,2012,Yarra,-37.8017,145.0001,Northern Metropolitan,4019
Albert Park,54 Brooke St,2,h,1550,S,Sotheby's,7/5/2016,3.3,3206,2,1,1,167,,,Port Phillip,-37.8405,144.9521,Southern Metropolitan,3280
Abbotsford,60 Stafford St,3,h,1290,S,Biggin,25/02/2017,2.5,3067,3,1,1,168,124,1950,Yarra,-37.8007,144.9958,Northern Metropolitan,4019
Airport West,2/49 McIntosh St,2,u,500,VB,Barry,4/3/2017,13.5,3042,2,1,1,168,86,2011,Moonee Valley,-37.7215,144.8864,Western Metropolitan,3464
Altona,3/25 Rayner St,2,u,620,SP,hockingstuart,14/05/2016,13.8,3018,2,1,1,168,,,Hobsons Bay,-37.8676,144.8202,Western Metropolitan,5301
Armadale,34a Rose St,2,h,1125,S,RT,17/09/2016,6.3,3143,3,1,2,169,,,Stonnington,-37.851,145.0161,Southern Metropolitan,4836
Ascot Vale,2 The Parade,2,h,965,S,Nelson,10/12/2016,5.9,3032,2,1,1,170,,,Moonee Valley,-37.7732,144.9206,Western Metropolitan,6567
Altona North,2/36 May St,3,h,675,S,hockingstuart,14/05/2016,11.1,3025,3,2,2,171,109,2012,Hobsons Bay,-37.8337,144.8554,Western Metropolitan,5132
Abbotsford,27 Charles St,2,h,1030,S,Biggin,30/07/2016,2.5,3067,2,1,1,172,81,1930,Yarra,-37.8086,144.9946,Northern Metropolitan,4019
Ascot Vale,4 The Parade,2,h,950,SP,Raine,7/5/2016,5.9,3032,2,1,1,173,102,1900,Moonee Valley,-37.7731,144.9206,Western Metropolitan,6567
Altona,5/8 David St,2,u,580,PI,Biggin,16/07/2016,13.8,3018,2,2,1,175,76,2013,Hobsons Bay,-37.8687,144.8268,Western Metropolitan,5301
Albert Park,2 Dundas Pl,3,h,2615,S,Cayzer,10/12/2016,3.3,3206,3,2,1,177,181,1880,Port Phillip,-37.8415,144.9585,Southern Metropolitan,3280
Avondale Heights,40a Herbert St,3,h,561,S,Nelson,16/04/2016,10.5,3034,3,1,1,177,,,Moonee Valley,-37.7664,144.8583,Western Metropolitan,4502
Balaclava,6 Blenheim St,3,h,1193,S,McGrath,18/06/2016,6.6,3183,3,1,1,178,100,1920,Port Phillip,-37.8663,144.9948,Southern Metropolitan,2952
Alphington,2c Hamilton St,3,h,865,SP,hockingstuart,22/05/2016,6.4,3078,3,1,1,180,131,2010,Darebin,-37.7802,145.0243,Northern Metropolitan,2211
Abbotsford,129 Charles St,2,h,941,S,Jellis,7/5/2016,2.5,3067,2,1,0,181,,,Yarra,-37.8041,144.9953,Northern Metropolitan,4019
Altona,2/119 Railway St N,3,u,605,S,Barlow,25/02/2017,13.8,3018,3,1,2,181,,,Hobsons Bay,-37.8659,144.822,Western Metropolitan,5301
Abbotsford,200 Nicholson St,2,h,1013,S,Nelson,28/05/2016,2.5,3067,2,1,0,182,82,1900,Yarra,-37.8021,144.9976,Northern Metropolitan,4019
Abbotsford,196 Nicholson St,3,h,955,S,Collins,17/09/2016,2.5,3067,3,1,0,183,,,Yarra,-37.8022,144.9975,Northern Metropolitan,4019
Albert Park,27 Barrett St,4,h,2140,S,Greg,27/06/2016,3.3,3206,3,2,1,183,145,1880,Port Phillip,-37.8434,144.9495,Southern Metropolitan,3280
Alphington,3/98 Grange Rd,2,u,820,S,Nelson,18/03/2017,6.4,3078,2,1,1,183,,,Darebin,-37.7747,145.0264,Northern Metropolitan,2211
Armadale,75 Sutherland Rd,3,h,1285,S,Marshall,25/02/2017,6.3,3143,3,1,2,186,80,1920,Stonnington,-37.8554,145.0173,Southern Metropolitan,4836
Airport West,145a Victory Rd,2,u,440,S,Barry,13/08/2016,13.5,3042,2,1,1,192,,,Moonee Valley,-37.7177,144.8787,Western Metropolitan,3464
Ashwood,2/6 Murra Ct,2,u,700,S,hockingstuart,22/08/2016,12.2,3147,2,1,2,192,88,2007,Monash,-37.8709,145.102,Southern Metropolitan,2894
Ascot Vale,1/91 Epsom Rd,2,u,545,S,Nelson,28/08/2016,5.9,3032,2,1,2,194,71,1900,Moonee Valley,-37.7772,144.9118,Western Metropolitan,6567
Ascot Vale,6 McCully St,3,h,970,S,Nelson,30/07/2016,5.9,3032,2,1,1,194,,,Moonee Valley,-37.7756,144.921,Western Metropolitan,6567
Abbotsford,45 William St,2,h,1173,S,Biggin,13/08/2016,2.5,3067,2,1,1,195,,,Yarra,-37.8084,144.9973,Northern Metropolitan,4019
Altona,1A Merritt Ct,3,t,705,S,hockingstuart,11/2/2017,13.8,3018,3,2,2,197,152,,Hobsons Bay,-37.8579,144.8181,Western Metropolitan,5301
Albert Park,29 Faussett St,2,h,2120,S,Greg,10/9/2016,3.3,3206,2,1,1,199,107,1900,Port Phillip,-37.8422,144.9554,Southern Metropolitan,3280
Ascot Vale,1 East St,3,t,1000,S,Nelson,27/11/2016,5.9,3032,3,2,2,200,144,2003,Moonee Valley,-37.7766,144.9277,Western Metropolitan,6567
Abbotsford,85 Turner St,2,h,1480,S,Biggin,3/12/2016,2.5,3067,2,1,1,202,,,Yarra,-37.7996,144.9984,Northern Metropolitan,4019
Albert Park,34 Richardson St,3,h,1801,S,hockingstuart,25/02/2017,3.3,3206,3,1,1,202,,,Port Phillip,-37.8429,144.9493,Southern Metropolitan,3280
Ashburton,1/17 Ashburn Gr,3,t,955,S,Buxton,3/12/2016,11,3147,3,2,2,203,,,Boroondara,-37.8655,145.0807,Southern Metropolitan,3052
Altona,3/20 Mulga St,3,u,577,S,Williams,23/04/2016,13.8,3018,3,2,1,205,113,2007,Hobsons Bay,-37.8684,144.815,Western Metropolitan,5301
Armadale,12 Willis St,3,h,2050,S,Marshall,4/3/2017,6.3,3143,3,2,1,205,116,1910,Stonnington,-37.8574,145.0281,Southern Metropolitan,4836
Armadale,31 Hume St,2,h,1900,VB,Jellis,18/03/2017,6.3,3143,2,2,0,207,,,Stonnington,-37.8571,145.0224,Southern Metropolitan,4836
Alphington,5/6 Yarralea St,3,h,1110,S,Jellis,3/9/2016,6.4,3078,3,2,2,208,,2013,Yarra,-37.7854,145.0325,Northern Metropolitan,2211
Albert Park,129 Kerferd Rd,3,h,1900,S,Greg,18/03/2017,3.3,3206,3,1,0,209,,1900,Port Phillip,-37.8468,144.9546,Southern Metropolitan,3280
Albert Park,112 Beaconsfield Pde,3,h,2850,PI,Buxton,4/3/2017,3.3,3206,3,2,0,211,198,1890,Port Phillip,-37.8481,144.9499,Southern Metropolitan,3280
Albert Park,86 Mills St,3,h,2000,VB,RT,16/04/2016,3.3,3206,3,2,1,211,147,1900,Port Phillip,-37.847,144.9575,Southern Metropolitan,3280
Altona,1/152 Blyth St,3,t,743,SP,Gunn&Co,12/11/2016,13.8,3018,3,2,2,211,176,,Hobsons Bay,-37.8698,144.816,Western Metropolitan,5301
Airport West,105a Victory Rd,3,h,612,S,Nelson,22/08/2016,13.5,3042,3,2,1,212,,,Moonee Valley,-37.7181,144.8824,Western Metropolitan,3464
Armadale,14 New St,3,h,1300,VB,Jellis,18/06/2016,6.3,3143,2,1,2,212,106,1900,Stonnington,-37.8542,145.0149,Southern Metropolitan,4836
Ashwood,2/53 Salisbury Rd,3,t,830,S,Barry,28/08/2016,12.2,3147,2,1,2,212,130,2012,Monash,-37.8723,145.1089,Southern Metropolitan,2894
Abbotsford,40 Nicholson St,3,h,1350,VB,Nelson,12/11/2016,2.5,3067,3,2,2,214,190,2005,Yarra,-37.8085,144.9964,Northern Metropolitan,4019
Ascot Vale,8 Geddes St,2,h,710,PI,Nelson,4/6/2016,5.9,3032,2,1,1,214,77,1890,Moonee Valley,-37.7776,144.9142,Western Metropolitan,6567
Ascot Vale,10 Ayr St,3,h,965,S,Alexkarbon,28/08/2016,5.9,3032,3,1,0,216,,,Moonee Valley,-37.7792,144.9297,Western Metropolitan,6567
Ashwood,1/7 Murra Ct,2,u,690,S,Ray,14/05/2016,12.2,3147,2,1,1,216,90,2003,Monash,-37.8711,145.1017,Southern Metropolitan,2894
Armadale,28 Cambridge St,3,h,1870,S,Hodges,4/3/2017,6.3,3143,3,1,1,217,116,1888,Stonnington,-37.8592,145.0182,Southern Metropolitan,4836
Abbotsford,10 Valiant St,2,h,1097,S,Biggin,8/10/2016,2.5,3067,3,1,2,220,75,1900,Yarra,-37.801,144.9989,Northern Metropolitan,4019
Avondale Heights,1/24 Bordeaux St,2,h,523,S,Nelson,24/09/2016,10.5,3034,2,1,1,220,101,1995,Moonee Valley,-37.756,144.8641,Western Metropolitan,4502
Altona,1/136 Queen St,2,u,580,S,Barlow,8/10/2016,13.8,3018,2,1,1,225,93,1988,Hobsons Bay,-37.8696,144.827,Western Metropolitan,5301
Ascot Vale,119 Roseberry St,2,h,750,SP,Maddison,4/6/2016,5.9,3032,2,1,1,226,92,1920,Moonee Valley,-37.7745,144.9093,Western Metropolitan,6567
Ascot Vale,51 Francis St,2,h,770,PI,Nelson,10/9/2016,5.9,3032,2,1,1,226,87,1900,Moonee Valley,-37.7774,144.9186,Western Metropolitan,6567
Ashburton,3/75 Victory Bvd,3,t,968,S,Jellis,18/06/2016,11,3147,3,1,1,227,,,Boroondara,-37.8709,145.0857,Southern Metropolitan,3052
Albert Park,70 Barrett St,3,h,2575,S,Greg,15/10/2016,3.3,3206,3,2,1,228,,,Port Phillip,-37.8445,144.9501,Southern Metropolitan,3280
Ascot Vale,1/17 Epsom Rd,2,u,685,S,Brad,7/11/2016,5.9,3032,2,1,2,228,90,1995,Moonee Valley,-37.7718,144.9066,Western Metropolitan,6567
Ascot Vale,33 Dalgety Dr,3,h,960,S,Walshe,10/12/2016,5.9,3032,3,2,2,229,,2011,Moonee Valley,-37.7778,144.9065,Western Metropolitan,6567
Altona,1/60 David St,3,u,605,S,Jas,10/12/2016,13.8,3018,3,2,2,230,,,Hobsons Bay,-37.8646,144.827,Western Metropolitan,5301
Albert Park,23 Finlay St,5,h,2100,S,Greg,10/12/2016,3.3,3206,5,2,1,237,,,Port Phillip,-37.8436,144.9557,Southern Metropolitan,3280
Abbotsford,16 William St,2,h,1310,S,Jellis,15/10/2016,2.5,3067,2,1,2,238,97,1890,Yarra,-37.809,144.9976,Northern Metropolitan,4019
Albert Park,49 Page St,3,h,2000,PI,Marshall,24/09/2016,3.3,3206,3,1,1,238,131,1890,Port Phillip,-37.8461,144.9528,Southern Metropolitan,3280
Airport West,1/80 Hawker St,3,t,700,S,Brad,4/3/2017,13.5,3042,3,2,2,239,134,2009,Moonee Valley,-37.7218,144.8837,Western Metropolitan,3464
Albert Park,44 Draper St,2,h,1810,PI,Greg,10/12/2016,3.3,3206,2,1,0,240,,,Port Phillip,-37.8379,144.9539,Southern Metropolitan,3280
Ascot Vale,62 Mirams St,3,h,890,SP,Brad,16/07/2016,5.9,3032,3,1,1,242,110,1920,Moonee Valley,-37.7765,144.9114,Western Metropolitan,6567
Balaclava,18 Linton St,4,h,1819,S,Gary,3/9/2016,6.6,3183,3,2,1,244,180,1900,Port Phillip,-37.8668,144.9928,Southern Metropolitan,2952
Abbotsford,124 Yarra St,3,h,1876,S,Nelson,7/5/2016,2.5,3067,4,2,0,245,210,1910,Yarra,-37.8024,144.9993,Northern Metropolitan,4019
Armadale,538a Orrong Rd,3,t,1586,S,RT,7/5/2016,6.3,3143,2,2,2,246,,,Stonnington,-37.8566,145.0116,Southern Metropolitan,4836
Armadale,40 New St,2,h,1210,S,Marshall,12/11/2016,6.3,3143,2,1,0,249,96,1910,Stonnington,-37.8543,145.016,Southern Metropolitan,4836
Altona North,1/256 Mason St,2,t,640,S,Williams,11/3/2017,11.1,3025,2,1,1,252,,1965,Hobsons Bay,-37.8397,144.8602,Western Metropolitan,5132
Altona North,268d Mason St,4,t,848,S,RT,27/06/2016,11.1,3025,4,3,1,252,,,Hobsons Bay,-37.8393,144.8568,Western Metropolitan,5132
Ascot Vale,17 Ascot St,2,h,705,PI,Nelson,27/06/2016,5.9,3032,2,1,3,252,108,1910,Moonee Valley,-37.7825,144.9206,Western Metropolitan,6567
Albert Park,3 Herbert St,3,h,1800,VB,Cayzer,10/9/2016,3.3,3206,3,1,1,253,,,Port Phillip,-37.8443,144.9579,Southern Metropolitan,3280
Ascot Vale,26 Milton St,3,h,933,S,Nelson,28/05/2016,5.9,3032,3,2,1,254,,,Moonee Valley,-37.7738,144.9215,Western Metropolitan,6567
Ascot Vale,11 Ascot St,2,h,955,S,Woodards,11/3/2017,5.9,3032,2,1,0,255,,,Moonee Valley,-37.7825,144.9208,Western Metropolitan,6567
Abbotsford,98 Charles St,2,h,1636,S,Nelson,8/10/2016,2.5,3067,2,1,2,256,107,1890,Yarra,-37.806,144.9954,Northern Metropolitan,4019
Ashwood,1/16 Raymond St,3,t,901,S,Jellis,27/11/2016,12.2,3147,3,2,2,256,134,2012,Monash,-37.8655,145.1096,Southern Metropolitan,2894
Avondale Heights,1/5 South Tce,3,u,500,S,Nelson,24/09/2016,10.5,3034,3,1,1,260,,1990,Moonee Valley,-37.7507,144.8576,Western Metropolitan,4502
Ascot Vale,70 Munro St,3,h,955,S,Brad,14/05/2016,5.9,3032,3,1,1,263,117,1910,Moonee Valley,-37.7753,144.9116,Western Metropolitan,6567
Avondale Heights,2/10 Military Rd,2,u,440,S,Nelson,18/03/2017,10.5,3034,2,1,1,263,,1999,Moonee Valley,-37.7697,144.8657,Western Metropolitan,4502
Airport West,1/43 Cameron St,3,u,752,S,Nelson,11/2/2017,13.5,3042,3,1,1,265,130,1993,Moonee Valley,-37.7302,144.8855,Western Metropolitan,3464
Altona,12 Spear Ct,3,t,605,S,hockingstuart,22/05/2016,13.8,3018,3,2,0,265,,,Hobsons Bay,-37.8583,144.8172,Western Metropolitan,5301
Ascot Vale,10 Fenton St,2,h,1053,S,Nelson,6/8/2016,5.9,3032,2,1,1,269,109,1900,Moonee Valley,-37.7748,144.929,Western Metropolitan,6567
Airport West,23 Hart St,2,h,603,S,Nelson,4/3/2017,13.5,3042,2,1,1,272,84,1950,Moonee Valley,-37.7294,144.888,Western Metropolitan,3464
Ascot Vale,21 Middle St,3,h,1130,S,Nelson,23/04/2016,5.9,3032,3,2,1,272,157,1900,Moonee Valley,-37.7774,144.928,Western Metropolitan,6567
Altona North,1/156 Chambers Rd,3,h,620,SP,Hunter,22/08/2016,11.1,3025,5,2,2,276,100,2010,Hobsons Bay,-37.8262,144.8443,Western Metropolitan,5132
Ashburton,16a Nicholas St,3,h,1100,PI,Marshall,8/10/2016,11,3147,3,3,2,276,178,2004,Boroondara,-37.8699,145.0778,Southern Metropolitan,3052
Ascot Vale,7 Francis St,3,h,1380,SP,Nelson,4/3/2017,5.9,3032,3,2,2,277,174,1910,Moonee Valley,-37.7777,144.9221,Western Metropolitan,6567
Ascot Vale,1 Bloomfield Rd,3,h,1305,S,Barry,28/05/2016,5.9,3032,2,1,1,278,166,1900,Moonee Valley,-37.7768,144.9223,Western Metropolitan,6567
Altona,1/265 Queen St,3,t,800,SP,hockingstuart,8/10/2016,13.8,3018,3,2,2,280,,1997,Hobsons Bay,-37.8734,144.8143,Western Metropolitan,5301
Ascot Vale,98 Epsom Rd,3,h,971,SP,Nelson,4/6/2016,5.9,3032,3,2,2,285,128,1900,Moonee Valley,-37.775,144.9091,Western Metropolitan,6567
Ascot Vale,25 Dalgety Dr,3,h,940,S,Jellis,26/07/2016,5.9,3032,3,2,2,285,172,2011,Moonee Valley,-37.7778,144.9061,Western Metropolitan,6567
Albert Park,60 Brooke St,2,h,1000,S,Cayzer,12/11/2016,3.3,3206,2,1,0,288,,,Port Phillip,-37.8407,144.9523,Southern Metropolitan,3280
Avondale Heights,16a Arbor Tce,3,u,665,S,Brad,16/04/2016,10.5,3034,3,2,1,289,,,Moonee Valley,-37.7644,144.8657,Western Metropolitan,4502
Airport West,1/37 Hillside Gr,3,h,600,S,Maddison,4/3/2017,13.5,3042,2,1,1,290,116,1980,Moonee Valley,-37.7273,144.8744,Western Metropolitan,3464
Altona,1/123 Blyth St,2,t,720,S,hockingstuart,4/2/2016,13.8,3018,2,1,2,292,125,2013,Hobsons Bay,-37.8687,144.8197,Western Metropolitan,5301
Airport West,37 North St,3,t,825,SP,Barry,19/11/2016,13.5,3042,3,2,1,293,102,1960,Moonee Valley,-37.72,144.8776,Western Metropolitan,3464
Ashburton,1/7 Y St,3,t,1710,S,Marshall,27/11/2016,11,3147,3,2,2,295,,1990,Boroondara,-37.8624,145.0798,Southern Metropolitan,3052
Armadale,7 Llaneast St,3,h,1939,S,Jellis,3/12/2016,6.3,3143,3,2,2,296,150,1889,Stonnington,-37.8614,145.0274,Southern Metropolitan,4836
Ascot Vale,78 Francis St,3,h,1135,S,Brad,24/09/2016,5.9,3032,3,1,1,296,104,1910,Moonee Valley,-37.777,144.9176,Western Metropolitan,6567
Ascot Vale,30 Rothwell St,3,h,940,S,Nelson,3/12/2016,5.9,3032,3,1,2,298,108,1920,Moonee Valley,-37.7777,144.9195,Western Metropolitan,6567
Ascot Vale,25 Geddes St,4,h,950,PI,Nelson,24/09/2016,5.9,3032,4,2,1,298,147,1920,Moonee Valley,-37.7778,144.9131,Western Metropolitan,6567
Ascot Vale,12 Mirams St,4,h,890,SP,Raine,10/12/2016,5.9,3032,4,1,1,300,185,1890,Moonee Valley,-37.7766,144.9143,Western Metropolitan,6567
Armadale,42 Rose St,3,h,2250,S,Marshall,17/09/2016,6.3,3143,3,3,1,301,,,Stonnington,-37.8511,145.0167,Southern Metropolitan,4836
Ascot Vale,2/127 Epsom Rd,2,u,610,SP,Brad,16/04/2016,5.9,3032,2,1,1,301,104,1995,Moonee Valley,-37.7791,144.914,Western Metropolitan,6567
Airport West,154 Halsey Rd,3,t,840,PI,Nelson,3/9/2016,13.5,3042,3,2,1,303,225,2016,Moonee Valley,-37.718,144.878,Western Metropolitan,3464
Ascot Vale,33 Hockey La,3,h,1255,S,Nelson,15/10/2016,5.9,3032,3,2,2,308,,,Moonee Valley,-37.7759,144.9338,Western Metropolitan,6567
Ashburton,3/39 Solway St,3,t,2050,S,Fletchers,3/12/2016,11,3147,3,3,4,310,315,2014,Boroondara,-37.874,145.0714,Southern Metropolitan,3052
Altona,1/170 Blyth St,3,u,630,S,Barlow,6/8/2016,13.8,3018,2,1,2,311,94,1955,Hobsons Bay,-37.8702,144.8143,Western Metropolitan,5301
Ascot Vale,7 Dalgety Dr,3,h,995,S,Nelson,26/07/2016,5.9,3032,3,2,1,314,177,2010,Moonee Valley,-37.7778,144.9042,Western Metropolitan,6567
Altona North,252 Millers Rd,4,h,693,SP,Raine&Horne,22/05/2016,11.1,3025,4,2,4,315,170,2008,Hobsons Bay,-37.8391,144.8467,Western Metropolitan,5132
Armadale,19 Glassford St,3,h,2365,S,Marshall,18/06/2016,6.3,3143,3,2,1,316,,,Stonnington,-37.8521,145.019,Southern Metropolitan,4836
Ascot Vale,83 Roseberry St,3,h,910,S,Raine,8/10/2016,5.9,3032,3,1,0,317,,,Moonee Valley,-37.7746,144.9112,Western Metropolitan,6567
Ascot Vale,1/20 Newsom St,3,t,1050,S,Jellis,19/11/2016,5.9,3032,3,2,2,318,160,2013,Moonee Valley,-37.7744,144.9035,Western Metropolitan,6567
Ashwood,1/2 Condah Ct,3,h,855,S,Noel,25/02/2017,12.2,3147,3,2,1,320,85,1958,Monash,-37.87,145.1103,Southern Metropolitan,2894
Ashburton,1/65 Ashburn Gr,4,t,1250,VB,Noel,27/11/2016,11,3147,4,2,2,321,199,2007,Boroondara,-37.8693,145.08,Southern Metropolitan,3052
Avondale Heights,14 Herbert St,3,h,585,SA,Barry,17/09/2016,10.5,3034,3,1,2,322,,,Moonee Valley,-37.7686,144.8576,Western Metropolitan,4502
Albert Park,22 Greig St,3,h,3755,S,Greg,26/07/2016,3.3,3206,3,2,2,325,,,Port Phillip,-37.8413,144.95,Southern Metropolitan,3280
Ascot Vale,126 The Parade,2,h,1010,S,Brad,19/11/2016,5.9,3032,2,1,1,325,,,Moonee Valley,-37.7722,144.9117,Western Metropolitan,6567
Albert Park,55 Withers St,4,h,2800,VB,Cayzer,18/06/2016,3.3,3206,4,3,1,327,254,1910,Port Phillip,-37.8467,144.9475,Southern Metropolitan,3280
Altona North,1/95 Mills St,3,h,588,S,Williams,7/5/2016,11.1,3025,3,1,1,328,118,1970,Hobsons Bay,-37.838,144.8555,Western Metropolitan,5132
Armadale,63 Denbigh Rd,3,h,1900,S,Marshall,22/05/2016,6.3,3143,3,1,2,328,108,1900,Stonnington,-37.8559,145.0158,Southern Metropolitan,4836
Albert Park,115 Page St,4,h,4735,S,Marshall,25/02/2017,3.3,3206,4,2,1,330,207,1910,Port Phillip,-37.8477,144.9558,Southern Metropolitan,3280
Ascot Vale,47 Hurtle St,2,h,940,S,Nelson,7/5/2016,5.9,3032,2,1,1,330,,,Moonee Valley,-37.773,144.9049,Western Metropolitan,6567
Armadale,12 Auburn Gr,3,h,2360,S,hockingstuart,18/03/2017,6.3,3143,3,2,0,336,,,Stonnington,-37.8558,145.015,Southern Metropolitan,4836
Avondale Heights,21 River Dr,3,t,880,S,Moonee,8/10/2016,10.5,3034,3,2,2,339,,,Moonee Valley,-37.7519,144.8534,Western Metropolitan,4502
Ascot Vale,32 Geddes St,4,h,1110,PI,Nelson,27/11/2016,5.9,3032,4,2,1,349,,1920,Moonee Valley,-37.7775,144.913,Western Metropolitan,6567
Ascot Vale,120 Epsom Rd,3,h,970,S,Brad,7/5/2016,5.9,3032,3,1,2,350,125,1904,Moonee Valley,-37.7759,144.91,Western Metropolitan,6567
Avondale Heights,36 Wood St,4,h,806,S,Moonee,4/3/2017,10.5,3034,4,2,1,350,,2008,Moonee Valley,-37.7676,144.859,Western Metropolitan,4502
Ashburton,6a Glen Rd,3,h,1662,S,Jellis,14/05/2016,11,3147,3,2,2,351,228,2006,Boroondara,-37.8742,145.07,Southern Metropolitan,3052
Altona,158 Queen St,3,h,520,VB,Greg,3/9/2016,13.8,3018,3,2,1,352,242,2015,Hobsons Bay,-37.87,144.825,Western Metropolitan,5301
Altona,1/28 Seves St,3,h,712,S,hockingstuart,17/09/2016,13.8,3018,3,1,2,363,,,Hobsons Bay,-37.8674,144.8375,Western Metropolitan,5301
Ashwood,1/7 Farmer St,2,t,700,S,hockingstuart,7/11/2016,12.2,3147,2,1,2,367,110,1970,Monash,-37.8662,145.109,Southern Metropolitan,2894
Ashwood,1/53 Winbirra Pde,4,h,1200,SP,Purplebricks,4/3/2017,12.2,3147,4,3,2,372,201,2016,Monash,-37.8716,145.0999,Southern Metropolitan,2894
Ascot Vale,15 Bayview Tce,2,h,1150,S,Brad,18/03/2017,5.9,3032,2,1,1,387,,,Moonee Valley,-37.7734,144.9191,Western Metropolitan,6567
Ashwood,1/136 High Street Rd,3,h,761,PI,Fletchers,7/11/2016,12.2,3147,3,2,4,400,94,1950,Monash,-37.8675,145.106,Southern Metropolitan,2894
Armadale,791 High St,3,h,1800,PI,RT,15/10/2016,6.3,3143,3,2,2,405,121,1910,Stonnington,-37.8545,145.0145,Southern Metropolitan,4836
Ascot Vale,75 Munro St,2,h,925,S,Barry,30/07/2016,5.9,3032,2,1,1,407,,,Moonee Valley,-37.7756,144.9105,Western Metropolitan,6567
Alphington,136A Fulham Rd,3,h,1492,S,Jellis,4/3/2017,6.4,3078,3,2,2,411,,,Darebin,-37.7713,145.0279,Northern Metropolitan,2211
Ascot Vale,45 Bloomfield Rd,3,h,1291,S,Brad,23/04/2016,5.9,3032,3,1,2,414,,,Moonee Valley,-37.7766,144.9185,Western Metropolitan,6567
Ascot Vale,44 Walter St,3,h,1382,S,Barry,25/02/2017,5.9,3032,3,2,2,416,168,1900,Moonee Valley,-37.7727,144.9055,Western Metropolitan,6567
Ascot Vale,10 McCully St,3,h,1377,S,Nelson,6/8/2016,5.9,3032,3,1,1,417,168,1900,Moonee Valley,-37.7756,144.9208,Western Metropolitan,6567
Ascot Vale,43 Bloomfield Rd,4,h,1430,S,Nelson,22/05/2016,5.9,3032,4,2,0,418,158,1900,Moonee Valley,-37.7766,144.9187,Western Metropolitan,6567
Armadale,61 Union St,4,h,3660,S,Jellis,25/02/2017,6.3,3143,4,3,2,421,,,Stonnington,-37.8593,145.0275,Southern Metropolitan,4836
Airport West,144 Marshall Rd,3,h,715,S,Rendina,18/03/2017,13.5,3042,3,2,2,422,126,1995,Moonee Valley,-37.7164,144.8792,Western Metropolitan,3464
Ascot Vale,2/21 Harold St,2,u,490,VB,Jellis,4/3/2017,5.9,3032,2,1,1,423,62,1970,Moonee Valley,-37.7736,144.9015,Western Metropolitan,6567
Ascot Vale,2 Farncomb St,3,h,801,S,Jellis,12/11/2016,5.9,3032,3,1,2,431,,1950,Moonee Valley,-37.781,144.9207,Western Metropolitan,6567
Ascot Vale,26 Newsom St,3,h,1000,PI,Brad,12/11/2016,5.9,3032,3,2,2,440,120,1955,Moonee Valley,-37.7746,144.9031,Western Metropolitan,6567
Ascot Vale,58 Bloomfield Rd,3,h,1215,S,Stockdale,28/08/2016,5.9,3032,3,1,1,452,175,1960,Moonee Valley,-37.7762,144.9174,Western Metropolitan,6567
Ascot Vale,45 Mirams St,3,h,1410,PI,Nelson,27/11/2016,5.9,3032,3,2,2,459,,,Moonee Valley,-37.7767,144.9124,Western Metropolitan,6567
Ascot Vale,26 Ayr St,6,h,1430,S,Nelson,16/04/2016,5.9,3032,4,2,1,461,286,1900,Moonee Valley,-37.78,144.9295,Western Metropolitan,6567
Ashwood,31a Douglas St,3,u,1045,S,Tim,4/3/2017,12.2,3147,3,2,2,467,,,Monash,-37.8639,145.0968,Southern Metropolitan,2894
Ascot Vale,44 The Parade,4,h,1850,S,Brad,4/3/2017,5.9,3032,4,3,1,478,270,1900,Moonee Valley,-37.7729,144.9179,Western Metropolitan,6567
Ascot Vale,78 The Parade,3,h,1440,S,Nelson,11/2/2017,5.9,3032,3,1,1,487,131,1900,Moonee Valley,-37.7725,144.9146,Western Metropolitan,6567
Ascot Vale,57 The Parade,3,h,940,S,Nelson,16/04/2016,5.9,3032,3,3,1,491,127,1950,Moonee Valley,-37.7727,144.9136,Western Metropolitan,6567
Armadale,25 Llaneast St,4,h,2200,PI,Jellis,15/10/2016,6.3,3143,4,1,2,495,163,1900,Stonnington,-37.8613,145.0264,Southern Metropolitan,4836
Ascot Vale,52 Monash St,3,h,1425,PI,Jellis,13/08/2016,5.9,3032,3,2,2,495,139,1920,Moonee Valley,-37.7821,144.9055,Western Metropolitan,6567
Altona,4 Blyth St,3,h,1120,S,Barlow,4/3/2017,13.8,3018,3,1,2,506,120,1930,Hobsons Bay,-37.8693,144.8375,Western Metropolitan,5301
Ascot Vale,21A Geddes St,3,h,1038,S,Alexkarbon,19/11/2016,5.9,3032,3,1,2,506,110,1920,Moonee Valley,-37.7779,144.9133,Western Metropolitan,6567
Airport West,49 Roberts Rd,4,h,765,S,Prof.,27/11/2016,13.5,3042,4,1,2,509,,,Moonee Valley,-37.7261,144.8785,Western Metropolitan,3464
Ashburton,33 Highgate Gr,4,h,1790,PI,hockingstuart,28/05/2016,11,3147,4,2,2,514,240,1935,Boroondara,-37.8664,145.0772,Southern Metropolitan,3052
Ashburton,1/1 Nairn St,3,h,1518,S,Jellis,10/9/2016,11,3147,3,2,2,516,145,1920,Boroondara,-37.8675,145.0668,Southern Metropolitan,3052
Ascot Vale,54 South St,5,h,1905,S,Nelson,18/03/2017,5.9,3032,5,2,2,521,,,Moonee Valley,-37.7778,144.9261,Western Metropolitan,6567
Ashwood,4 Peppermint Ct,4,h,1510,S,Buxton,8/10/2016,12.2,3147,4,2,2,526,,,Monash,-37.8661,145.1013,Southern Metropolitan,2894
Altona,24 McIntyre Dr,3,h,753,S,Barlow,27/06/2016,13.8,3018,3,2,2,529,,,Hobsons Bay,-37.8612,144.8247,Western Metropolitan,5301
Avondale Heights,31 Duke St,3,h,750,S,Barry,8/10/2016,10.5,3034,3,1,1,529,,,Moonee Valley,-37.7721,144.8576,Western Metropolitan,4502
Altona,11 Keeshan Ct,3,h,684,S,Greg,7/11/2016,13.8,3018,3,1,1,530,,,Hobsons Bay,-37.8594,144.817,Western Metropolitan,5301
Airport West,6 Kittyhawk St,4,h,773,S,Brad,17/09/2016,13.5,3042,5,3,4,531,309,1980,Moonee Valley,-37.7263,144.8679,Western Metropolitan,3464
Altona North,2 Gadsden St,3,h,729,S,Jas,22/08/2016,11.1,3025,3,1,1,531,157,1960,Hobsons Bay,-37.8277,144.8385,Western Metropolitan,5132
Airport West,34 Moorna Dr,4,h,978,S,Nelson,24/09/2016,13.5,3042,4,3,2,532,,,Moonee Valley,-37.7263,144.869,Western Metropolitan,3464
Altona,3 Curtin Ct,4,h,931,S,Sweeney,28/08/2016,13.8,3018,4,2,3,532,,1970,Hobsons Bay,-37.8637,144.8365,Western Metropolitan,5301
Ascot Vale,8 Pentland St,3,h,1435,S,Nelson,12/11/2016,5.9,3032,3,2,2,532,147,1950,Moonee Valley,-37.7737,144.904,Western Metropolitan,6567
Altona North,4 Knapp St,3,h,781,S,Jas,3/9/2016,11.1,3025,3,1,2,533,117,1970,Hobsons Bay,-37.8291,144.835,Western Metropolitan,5132
Altona,27 McIntyre Dr,3,h,840,SP,Greg,18/03/2017,13.8,3018,3,2,2,534,136,1965,Hobsons Bay,-37.86,144.8245,Western Metropolitan,5301
Altona North,33 Carthy St,3,h,683,S,FN,4/6/2016,11.1,3025,3,1,2,534,167,1967,Hobsons Bay,-37.8284,144.8355,Western Metropolitan,5132
Altona North,10 Knapp St,3,h,625,PI,Hunter,28/05/2016,11.1,3025,3,1,1,536,,,Hobsons Bay,-37.8285,144.8351,Western Metropolitan,5132
Ascot Vale,37 Epsom Rd,3,h,1050,SP,Frank,26/07/2016,5.9,3032,3,1,3,536,,,Moonee Valley,-37.7728,144.9076,Western Metropolitan,6567
Altona North,16 Harris St,3,h,623,S,Sweeney,4/6/2016,11.1,3025,3,1,3,540,,,Hobsons Bay,-37.8267,144.8368,Western Metropolitan,5132
Altona North,5 Binns St,3,h,710,PI,Village,7/11/2016,11.1,3025,3,1,3,540,116,1960,Hobsons Bay,-37.8294,144.8378,Western Metropolitan,5132
Avondale Heights,105 Canning St,3,h,848,S,Nelson,4/3/2017,10.5,3034,3,1,2,542,,,Moonee Valley,-37.7706,144.8629,Western Metropolitan,4502
Armadale,17 Kooyong Rd,4,h,2000,PI,Marshall,28/05/2016,6.3,3143,4,3,4,544,,,Stonnington,-37.8611,145.0195,Southern Metropolitan,4836
Ashburton,4 Baker Pde,3,h,1500,S,hockingstuart,22/05/2016,11,3147,3,1,2,545,,,Boroondara,-37.8605,145.0833,Southern Metropolitan,3052
Avondale Heights,49 Rogerson St,3,h,795,S,Barry,28/05/2016,10.5,3034,3,1,1,549,,,Moonee Valley,-37.7644,144.8575,Western Metropolitan,4502
Avondale Heights,97 Military Rd,3,h,628,SP,Moonee,8/10/2016,10.5,3034,3,1,1,550,143,1970,Moonee Valley,-37.7632,144.8622,Western Metropolitan,4502
Altona North,16 Beevers St,3,h,680,S,Sweeney,19/11/2016,11.1,3025,3,1,3,551,,,Hobsons Bay,-37.8254,144.8514,Western Metropolitan,5132
Ascot Vale,15 Mirams St,4,h,1345,S,Jellis,25/02/2017,5.9,3032,4,1,1,552,155,1920,Moonee Valley,-37.7769,144.9138,Western Metropolitan,6567
Altona North,21 Hatherley Gr,3,h,750,SP,Jas,4/3/2017,11.1,3025,3,1,3,554,,,Hobsons Bay,-37.8449,144.85,Western Metropolitan,5132
Altona North,21 Hatherley Gr,3,h,700,VB,Jas,10/12/2016,11.1,3025,3,1,3,554,,,Hobsons Bay,-37.8449,144.85,Western Metropolitan,5132
Avondale Heights,72 Military Rd,4,h,680,PI,Nelson,24/09/2016,10.5,3034,4,2,2,554,140,1960,Moonee Valley,-37.7649,144.8633,Western Metropolitan,4502
Airport West,478 Fullarton Rd,3,h,810,PI,Barry,18/03/2017,13.5,3042,3,3,2,555,192,1980,Moonee Valley,-37.7285,144.8694,Western Metropolitan,3464
Altona North,6 Hill St,3,h,815,S,hockingstuart,25/02/2017,11.1,3025,3,2,3,555,130,1960,Hobsons Bay,-37.8318,144.8388,Western Metropolitan,5132
Ascot Vale,43 Mirams St,3,h,1060,PI,Nelson,27/11/2016,5.9,3032,3,1,1,555,,,Moonee Valley,-37.7767,144.9125,Western Metropolitan,6567
Alphington,11 Margaret Gr,4,h,1900,SP,McGrath,27/11/2016,6.4,3078,4,2,2,556,272,1930,Yarra,-37.7844,145.0225,Northern Metropolitan,2211
Altona North,107 McIntosh Rd,3,h,700,SP,Hunter,27/11/2016,11.1,3025,3,1,1,557,,,Hobsons Bay,-37.8441,144.8505,Western Metropolitan,5132
Ashwood,147 Huntingdale Rd,3,h,785,S,Buxton,19/11/2016,12.2,3147,3,1,1,557,,1960,Monash,-37.8671,145.1117,Southern Metropolitan,2894
Avondale Heights,157 Canning St,3,t,851,S,Nelson,3/12/2016,10.5,3034,3,3,1,557,181,2017,Moonee Valley,-37.77,144.8572,Western Metropolitan,4502
Altona North,21 Allan St,4,h,650,SP,Williams,12/6/2016,11.1,3025,4,1,4,558,,,Hobsons Bay,-37.8451,144.8529,Western Metropolitan,5132
Altona North,25 Allan St,4,h,875,SP,Jas,8/10/2016,11.1,3025,3,1,4,559,169,1965,Hobsons Bay,-37.8448,144.8529,Western Metropolitan,5132
Ascot Vale,125 Epsom Rd,4,h,1100,VB,Nelson,15/10/2016,5.9,3032,4,2,5,559,195,1920,Moonee Valley,-37.7791,144.9136,Western Metropolitan,6567
Altona North,122 McIntosh Rd,3,h,590,S,Village,23/04/2016,11.1,3025,3,1,2,561,,,Hobsons Bay,-37.8444,144.8491,Western Metropolitan,5132
Ascot Vale,7 Angler Pde,4,h,1640,S,Raine,16/04/2016,5.9,3032,4,3,2,562,204,1890,Moonee Valley,-37.782,144.903,Western Metropolitan,6567
Armadale,44 Hampden Rd,4,h,4200,VB,Kay,27/11/2016,6.3,3143,4,3,3,563,333,2000,Stonnington,-37.8582,145.0138,Southern Metropolitan,4836
Avondale Heights,2 Arbor Tce,4,h,1155,S,Nelson,4/6/2016,10.5,3034,3,2,2,569,225,2008,Moonee Valley,-37.7654,144.8655,Western Metropolitan,4502
Avondale Heights,328 Milleara Rd,4,h,605,S,Barry,27/11/2016,10.5,3034,4,1,0,569,,,Moonee Valley,-37.7563,144.8601,Western Metropolitan,4502
Avondale Heights,68 Thompson St,3,h,680,S,Nelson,6/8/2016,10.5,3034,3,1,2,570,120,1970,Moonee Valley,-37.7591,144.8542,Western Metropolitan,4502
Avondale Heights,10 Intervale Dr,4,h,790,S,Barry,27/11/2016,10.5,3034,4,2,2,570,,,Moonee Valley,-37.7513,144.859,Western Metropolitan,4502
Avondale Heights,12 Skewes St,3,h,636,S,Nelson,4/6/2016,10.5,3034,2,1,2,571,,,Moonee Valley,-37.7605,144.8581,Western Metropolitan,4502
Avondale Heights,7 Monmouth St,3,h,650,SP,Moonee,15/10/2016,10.5,3034,3,1,3,574,,,Moonee Valley,-37.7627,144.857,Western Metropolitan,4502
Avondale Heights,8 Westminster Dr,5,h,850,SP,Moonee,18/06/2016,10.5,3034,5,2,4,574,,,Moonee Valley,-37.7639,144.8615,Western Metropolitan,4502
Alphington,38 Bennett St,4,h,2100,S,Nelson,19/11/2016,6.4,3078,4,2,2,575,271,2008,Darebin,-37.7723,145.0319,Northern Metropolitan,2211
Ascot Vale,57 Monash St,3,h,1350,S,Brad,18/03/2017,5.9,3032,3,1,3,575,,,Moonee Valley,-37.7828,144.9049,Western Metropolitan,6567
Ascot Vale,6 Waller Ct,3,h,786,S,Brad,26/07/2016,5.9,3032,3,2,1,576,120,1940,Moonee Valley,-37.7816,144.9217,Western Metropolitan,6567
Altona,185 Queen St,3,h,880,PI,Barlow,22/08/2016,13.8,3018,3,3,1,577,,,Hobsons Bay,-37.8699,144.8235,Western Metropolitan,5301
Airport West,10 Hilbert Rd,3,h,685,S,Barry,22/05/2016,13.5,3042,3,1,1,579,113,1975,Moonee Valley,-37.7226,144.8733,Western Metropolitan,3464
Avondale Heights,8 Herbert St,3,h,705,S,Nelson,22/05/2016,10.5,3034,3,1,1,581,106,1960,Moonee Valley,-37.7691,144.8575,Western Metropolitan,4502
Avondale Heights,43 Skewes St,3,h,634,S,Nelson,28/05/2016,10.5,3034,4,2,1,582,153,1950,Moonee Valley,-37.7584,144.8568,Western Metropolitan,4502
Ashburton,5 Nicholas St,3,h,1337,S,Buxton,8/10/2016,11,3147,3,1,2,583,112,1950,Boroondara,-37.8685,145.0786,Southern Metropolitan,3052
Ashburton,12 Meaden St,3,h,1422,S,Buxton,27/11/2016,11,3147,3,1,2,583,,,Boroondara,-37.8679,145.0781,Southern Metropolitan,3052
Ashwood,18 Teck St,2,h,995,S,Tim,3/9/2016,12.2,3147,2,1,1,583,,1950,Monash,-37.8693,145.1082,Southern Metropolitan,2894
Airport West,33 North St,3,h,720,PI,Nelson,25/02/2017,13.5,3042,3,1,1,585,,,Moonee Valley,-37.72,144.878,Western Metropolitan,3464
Altona North,11 Beevers St,3,h,708,S,Greg,15/10/2016,11.1,3025,3,1,2,585,97,1960,Hobsons Bay,-37.8258,144.8523,Western Metropolitan,5132
Ashwood,16 Scenic Dr,5,h,1530,S,Buxton,17/09/2016,12.2,3147,5,3,2,585,317,2000,Monash,-37.8637,145.1024,Southern Metropolitan,2894
Avondale Heights,11 South Tce,3,h,850,SP,Moonee,25/02/2017,10.5,3034,3,2,8,585,,,Moonee Valley,-37.751,144.8571,Western Metropolitan,4502
Avondale Heights,62 Skewes St,4,h,890,S,Moonee,27/11/2016,10.5,3034,4,2,4,585,,1960,Moonee Valley,-37.757,144.8566,Western Metropolitan,4502
Ashwood,4 Teck St,2,h,1110,S,Fletchers,24/09/2016,12.2,3147,2,1,1,586,86,1950,Monash,-37.8683,145.1082,Southern Metropolitan,2894
Avondale Heights,20 Westminster Dr,3,h,893,S,Nelson,22/05/2016,10.5,3034,3,1,1,586,118,1965,Moonee Valley,-37.7642,144.8603,Western Metropolitan,4502
Avondale Heights,8 Moffat St,3,h,695,S,HAR,23/04/2016,10.5,3034,3,1,2,588,,,Moonee Valley,-37.771,144.8586,Western Metropolitan,4502
Alphington,42 Shiers St,4,h,1950,S,Jellis,30/07/2016,6.4,3078,4,2,3,589,210,1920,Darebin,-37.7719,145.0309,Northern Metropolitan,2211
Avondale Heights,109 North Rd,4,h,762,S,Nelson,26/07/2016,10.5,3034,4,2,2,589,150,1961,Moonee Valley,-37.7573,144.8534,Western Metropolitan,4502
Altona North,24 Hansen St,3,h,931,S,hockingstuart,22/08/2016,11.1,3025,3,2,1,590,160,1950,Hobsons Bay,-37.8382,144.8649,Western Metropolitan,5132
Avondale Heights,63 Doyle St,3,h,642,SP,Moonee,28/08/2016,10.5,3034,3,1,1,590,,1960,Moonee Valley,-37.7567,144.8572,Western Metropolitan,4502
Alphington,44 Naroon Rd,3,h,1540,S,Nelson,16/04/2016,6.4,3078,3,1,2,592,,,Darebin,-37.7755,145.0288,Northern Metropolitan,2211
Altona North,45 Hearn St,5,h,1085,S,FN,3/9/2016,11.1,3025,5,3,6,592,251,1965,Hobsons Bay,-37.8388,144.8567,Western Metropolitan,5132
Ashwood,3 Harold St,4,h,1500,S,Buxton,15/10/2016,12.2,3147,4,2,1,593,255,1930,Monash,-37.8655,145.096,Southern Metropolitan,2894
Avondale Heights,8 Norma Ct,3,h,850,S,Moonee,3/9/2016,10.5,3034,3,1,1,593,118,1970,Moonee Valley,-37.7677,144.8674,Western Metropolitan,4502
Avondale Heights,10 Skewes St,3,h,805,S,Nelson,27/11/2016,10.5,3034,3,2,2,593,103,1970,Moonee Valley,-37.7607,144.8581,Western Metropolitan,4502
Ascot Vale,41 Monash St,3,h,1230,S,Nelson,8/10/2016,5.9,3032,4,1,2,594,148,1960,Moonee Valley,-37.7819,144.9064,Western Metropolitan,6567
Airport West,241 Parer Rd,5,h,755,PI,Propertyau,14/05/2016,13.5,3042,3,2,2,596,,,Moonee Valley,-37.7248,144.8699,Western Metropolitan,3464
Airport West,36 Roberts Rd,4,h,785,S,Considine,6/8/2016,13.5,3042,3,1,2,597,127,,Moonee Valley,-37.7259,144.8792,Western Metropolitan,3464
Alphington,6 Naroon Rd,3,h,1485,SP,McGrath,28/08/2016,6.4,3078,3,0,0,597,,,Darebin,-37.7781,145.0284,Northern Metropolitan,2211
Ascot Vale,95 Walter St,4,h,1480,S,Raine,17/09/2016,5.9,3032,4,2,2,597,180,1939,Moonee Valley,-37.7757,144.9088,Western Metropolitan,6567
Avondale Heights,61 Doyle St,3,h,635,SP,Moonee,26/07/2016,10.5,3034,3,1,1,597,,,Moonee Valley,-37.7568,144.8572,Western Metropolitan,4502
Ascot Vale,5 Doncaster St,4,h,1705,S,Jellis,30/07/2016,5.9,3032,4,2,4,598,273,2012,Moonee Valley,-37.7774,144.9104,Western Metropolitan,6567
Alphington,44 Shiers St,4,h,1718,S,Collins,8/10/2016,6.4,3078,4,2,1,599,203,1925,Darebin,-37.7717,145.031,Northern Metropolitan,2211
Ashburton,69 Albion Rd,3,h,1670,S,Jellis,3/12/2016,11,3147,3,2,2,599,220,1930,Boroondara,-37.8673,145.0688,Southern Metropolitan,3052
Altona,156 Maidstone St,3,h,660,VB,Greg,7/5/2016,13.8,3018,3,1,1,602,123,1955,Hobsons Bay,-37.8616,144.8116,Western Metropolitan,5301
Altona North,21 Neal Ct,3,h,770,SP,hockingstuart,19/11/2016,11.1,3025,3,1,3,602,603,,Hobsons Bay,-37.8327,144.8451,Western Metropolitan,5132
Altona,219 Civic Pde,3,h,740,S,Greg,28/08/2016,13.8,3018,3,1,2,604,,,Hobsons Bay,-37.8631,144.8195,Western Metropolitan,5301
Ashburton,14 Lucerne St,3,h,1415,S,Buxton,27/06/2016,11,3147,3,1,1,605,111,1950,Boroondara,-37.8703,145.0774,Southern Metropolitan,3052
Alphington,10 Bennett St,4,h,1830,S,Nelson,19/11/2016,6.4,3078,4,2,2,606,112,1970,Darebin,-37.7743,145.0316,Northern Metropolitan,2211
Altona,22 Fenfield St,3,h,678,S,hockingstuart,16/04/2016,13.8,3018,3,1,2,606,87,1950,Hobsons Bay,-37.8608,144.8124,Western Metropolitan,5301
Avondale Heights,15 River Dr,3,h,725,SP,Moonee,15/10/2016,10.5,3034,3,1,4,606,,,Moonee Valley,-37.752,144.854,Western Metropolitan,4502
Avondale Heights,57 North Rd,3,h,740,SP,Moonee,28/08/2016,10.5,3034,3,1,2,607,,,Moonee Valley,-37.7546,144.857,Western Metropolitan,4502
Airport West,174 Parer Rd,2,h,675,S,Barry,16/07/2016,13.5,3042,2,1,1,612,100,1975,Moonee Valley,-37.7187,144.8765,Western Metropolitan,3464
Airport West,138 Victory Rd,3,h,1042,S,Nelson,16/07/2016,13.5,3042,3,2,5,612,174,1950,Moonee Valley,-37.7173,144.8796,Western Metropolitan,3464
Airport West,117 Marshall Rd,3,h,662,S,Brad,23/04/2016,13.5,3042,3,1,2,612,,,Moonee Valley,-37.7169,144.8815,Western Metropolitan,3464
Airport West,106 Parer Rd,3,h,790,S,Nelson,18/03/2017,13.5,3042,3,1,3,614,,,Moonee Valley,-37.7194,144.8827,Western Metropolitan,3464
Armadale,4 Mercer Rd,3,h,3513,S,Marshall,27/11/2016,6.3,3143,3,2,2,617,285,1998,Stonnington,-37.8557,145.0264,Southern Metropolitan,4836
Armadale,16 Llaneast St,5,h,2810,S,Marshall,28/08/2016,6.3,3143,5,2,2,617,,,Stonnington,-37.8611,145.0271,Southern Metropolitan,4836
Ascot Vale,67 Hurtle St,3,h,1180,SP,Brad,17/09/2016,5.9,3032,3,2,2,617,149,1930,Moonee Valley,-37.7742,144.906,Western Metropolitan,6567
Airport West,54 Marshall Rd,3,h,720,S,Barry,6/8/2016,13.5,3042,2,1,1,620,,,Moonee Valley,-37.7173,144.8872,Western Metropolitan,3464
Ashwood,4 Scenic Dr,4,h,1500,S,Fletchers,6/8/2016,12.2,3147,2,2,2,621,203,2000,Monash,-37.8647,145.1023,Southern Metropolitan,2894
Airport West,110 Halsey Rd,3,h,805,S,Barry,22/08/2016,13.5,3042,3,1,1,623,,,Moonee Valley,-37.7184,144.882,Western Metropolitan,3464
Ascot Vale,97 Walter St,3,h,1284,S,Woodards,4/3/2017,5.9,3032,3,1,2,623,,1938,Moonee Valley,-37.7758,144.9089,Western Metropolitan,6567
Armadale,35 Northcote Rd,4,h,2801,S,Marshall,12/11/2016,6.3,3143,4,2,2,624,222,1900,Stonnington,-37.8536,145.0173,Southern Metropolitan,4836
Altona,164 Maidstone St,3,h,635,S,Sweeney,14/05/2016,13.8,3018,3,1,4,625,,1960,Hobsons Bay,-37.8611,144.8114,Western Metropolitan,5301
Airport West,85 Roberts Rd,4,h,900,S,Harcourts,27/11/2016,13.5,3042,4,2,3,628,146,1975,Moonee Valley,-37.7256,144.8739,Western Metropolitan,3464
Altona North,5 Cresser St,4,h,1200,SP,RT,27/11/2016,11.1,3025,4,1,4,633,158,1960,Hobsons Bay,-37.8375,144.8541,Western Metropolitan,5132
Ashburton,9 Ward St,3,h,1600,S,Fletchers,28/05/2016,11,3147,3,1,2,637,,,Boroondara,-37.8645,145.0797,Southern Metropolitan,3052
Avondale Heights,235 Military Rd,3,h,863,S,Barry,28/08/2016,10.5,3034,3,2,3,638,,,Moonee Valley,-37.7546,144.8585,Western Metropolitan,4502
Avondale Heights,185 Military Rd,3,h,615,SP,Moonee,16/07/2016,10.5,3034,3,1,2,649,,,Moonee Valley,-37.758,144.86,Western Metropolitan,4502
Altona,20 Linnet St,4,h,780,PI,Sweeney,4/6/2016,13.8,3018,4,1,4,655,,,Hobsons Bay,-37.868,144.8154,Western Metropolitan,5301
Altona North,153 Mills St,3,h,1405,S,Sweeney,4/3/2017,11.1,3025,3,1,3,655,,,Hobsons Bay,-37.8338,144.8562,Western Metropolitan,5132
Airport West,43 Hillside Gr,3,h,670,SP,Barry,16/07/2016,13.5,3042,3,2,2,657,,,Moonee Valley,-37.7269,144.8742,Western Metropolitan,3464
Ascot Vale,30 Mirams St,4,h,1300,PI,Jellis,27/11/2016,5.9,3032,4,1,4,664,,,Moonee Valley,-37.7765,144.9132,Western Metropolitan,6567
Altona North,155 Chambers Rd,4,h,760,S,Hunter,27/06/2016,11.1,3025,4,1,3,668,,,Hobsons Bay,-37.8262,144.8439,Western Metropolitan,5132
Avondale Heights,3 Karen Ct,3,h,670,VB,Nelson,4/6/2016,10.5,3034,3,2,2,671,,,Moonee Valley,-37.7593,144.871,Western Metropolitan,4502
Avondale Heights,6 Lovett Dr,4,h,1200,S,Nelson,4/6/2016,10.5,3034,4,5,4,673,,,Moonee Valley,-37.7545,144.8736,Western Metropolitan,4502
Altona,104 Maidstone St,2,h,857,SP,hockingstuart,27/11/2016,13.8,3018,2,2,1,675,100,1950,Hobsons Bay,-37.8653,144.8129,Western Metropolitan,5301
Ashburton,51 Victory Bvd,2,h,1575,S,Jellis,4/3/2017,11,3147,2,1,2,679,,,Boroondara,-37.869,145.0822,Southern Metropolitan,3052
Ashburton,33 Eleanor St,4,h,2215,SP,Marshall,10/9/2016,11,3147,4,2,1,681,,1940,Boroondara,-37.8612,145.0858,Southern Metropolitan,3052
Ascot Vale,58 Fenton St,4,h,1340,S,Nelson,14/05/2016,5.9,3032,3,2,2,683,232,1978,Moonee Valley,-37.775,144.932,Western Metropolitan,6567
Alphington,815 Heidelberg Rd,3,h,2000,PI,hockingstuart,15/10/2016,6.4,3078,3,3,2,686,,,Darebin,-37.78,145.0341,Northern Metropolitan,2211
Ashburton,5 Pitt St,2,h,1440,PI,Jellis,27/06/2016,11,3147,2,1,1,687,104,1940,Boroondara,-37.872,145.0692,Southern Metropolitan,3052
Altona North,35 May St,2,h,610,S,RT,24/09/2016,11.1,3025,2,1,2,691,,,Hobsons Bay,-37.834,144.8553,Western Metropolitan,5132
Armadale,553 Dandenong Rd,5,h,1525,PI,Jellis,7/5/2016,6.3,3143,8,2,2,693,,,Stonnington,-37.8638,145.0229,Southern Metropolitan,4836
Altona,261 Queen St,4,h,1070,S,Barlow,10/9/2016,13.8,3018,4,2,2,695,,,Hobsons Bay,-37.8733,144.8147,Western Metropolitan,5301
Ashwood,18 Montrose St,2,h,1075,VB,Jellis,4/6/2016,12.2,3147,2,1,2,695,114,1950,Monash,-37.8694,145.0944,Southern Metropolitan,2894
Ashburton,5 Taylor St,4,h,1860,S,Jellis,27/11/2016,11,3147,4,2,3,696,274,2000,Boroondara,-37.8711,145.0746,Southern Metropolitan,3052
Altona,15 Kookaburra St,3,h,900,S,Sweeney,28/05/2016,13.8,3018,3,1,4,697,,,Hobsons Bay,-37.871,144.8075,Western Metropolitan,5301
Ashburton,19 Poulter St,3,h,1650,S,Marshall,28/08/2016,11,3147,3,1,1,697,164,1947,Boroondara,-37.8636,145.0903,Southern Metropolitan,3052
Ashburton,48 Nicholas St,5,h,1600,S,Marshall,27/11/2016,11,3147,5,3,4,700,266,1950,Boroondara,-37.8724,145.0758,Southern Metropolitan,3052
Ashburton,18 Glen Rd,3,h,1665,S,Jellis,15/10/2016,11,3147,3,2,3,702,145,1945,Boroondara,-37.8737,145.0695,Southern Metropolitan,3052
Ashburton,95 Nicholas St,2,h,1445,S,Jellis,16/04/2016,11,3147,2,1,2,704,,,Boroondara,-37.8745,145.0738,Southern Metropolitan,3052
Avondale Heights,33 Wood St,3,h,845,S,Nelson,16/07/2016,10.5,3034,3,1,3,704,,,Moonee Valley,-37.7681,144.8592,Western Metropolitan,4502
Avondale Heights,19 Clarendon St,3,h,730,S,Jas,25/02/2017,10.5,3034,3,2,2,705,,,Moonee Valley,-37.766,144.8596,Western Metropolitan,4502
Altona North,84 May St,4,h,970,S,Greg,25/02/2017,11.1,3025,4,1,2,708,,,Hobsons Bay,-37.833,144.8494,Western Metropolitan,5132
Armadale,44 Denbigh Rd,4,h,3625,S,Jellis,27/11/2016,6.3,3143,4,1,2,709,251,1900,Stonnington,-37.8574,145.016,Southern Metropolitan,4836
Ashburton,101/218 High St,2,u,500,VB,Fletchers,4/3/2017,11,3147,2,1,1,710,,2010,Boroondara,-37.8636,145.0794,Southern Metropolitan,3052
Ashburton,3 Mustang Ct,3,h,1500,VB,Jellis,22/08/2016,11,3147,3,2,2,710,139,1945,Boroondara,-37.8653,145.0897,Southern Metropolitan,3052
Altona North,4 Prismall St,3,h,988,S,Sweeney,22/08/2016,11.1,3025,3,1,4,715,,2008,Hobsons Bay,-37.8423,144.8632,Western Metropolitan,5132
Albert Park,4a Mills St,3,t,1550,VB,Marshall,7/11/2016,3.3,3206,3,2,2,718,,,Port Phillip,-37.8443,144.9598,Southern Metropolitan,3280
Ashwood,8 Rocklands Rd,3,h,1120,S,Tim,7/5/2016,12.2,3147,3,1,2,723,,,Monash,-37.8642,145.1109,Southern Metropolitan,2894
Altona,4 Boyd St,3,h,980,S,Barlow,19/11/2016,13.8,3018,3,1,2,724,,,Hobsons Bay,-37.8672,144.817,Western Metropolitan,5301
Ashburton,4 Vears Rd,3,h,1830,S,Jellis,25/02/2017,11,3147,3,2,3,724,168,1940,Boroondara,-37.8619,145.0879,Southern Metropolitan,3052
Ashwood,10 Maroondah Rd,4,h,1270,SP,Buxton,8/10/2016,12.2,3147,4,2,1,724,,,Monash,-37.8651,145.1109,Southern Metropolitan,2894
Ashwood,8 Maroondah Rd,4,h,1415,S,Buxton,13/08/2016,12.2,3147,4,3,2,724,,,Monash,-37.8651,145.1107,Southern Metropolitan,2894
Ashwood,12 Leonard St,4,h,1350,S,Buxton,24/09/2016,12.2,3147,4,2,1,727,,,Monash,-37.8669,145.1106,Southern Metropolitan,2894
Altona,59 Bracken Gr,5,h,1525,S,Greg,3/12/2016,13.8,3018,5,3,3,729,268,2005,Hobsons Bay,-37.8721,144.8105,Western Metropolitan,5301
Ashburton,3 Dunlop St,3,h,1555,S,Jellis,4/6/2016,11,3147,3,2,2,731,149,1935,Boroondara,-37.8666,145.0676,Southern Metropolitan,3052
Altona North,31 Duosa Rd,3,h,923,S,Greg,22/05/2016,11.1,3025,3,1,2,740,,,Hobsons Bay,-37.8269,144.8455,Western Metropolitan,5132
Altona,24 Wren St,4,h,845,S,hockingstuart,11/2/2017,13.8,3018,4,1,2,745,130,1950,Hobsons Bay,-37.8658,144.8155,Western Metropolitan,5301
Ashburton,63 Dent St,4,h,1800,S,Jellis,25/02/2017,11,3147,4,2,4,749,206,1950,Boroondara,-37.8669,145.077,Southern Metropolitan,3052
Ashburton,61 Dent St,4,h,2650,S,Marshall,3/9/2016,11,3147,4,3,2,753,399,2015,Boroondara,-37.8669,145.0767,Southern Metropolitan,3052
Ashburton,29A Yuile St,5,h,3510,S,Jellis,18/03/2017,11,3147,5,5,2,755,444,2015,Boroondara,-37.8598,145.0796,Southern Metropolitan,3052
Ashwood,14 Ashwood Dr,3,h,1305,S,Jellis,25/02/2017,12.2,3147,3,1,1,760,120,1960,Monash,-37.858,145.1038,Southern Metropolitan,2894
Avondale Heights,3 Clive Ct,4,h,950,S,Moonee,10/12/2016,10.5,3034,4,3,3,761,281,1970,Moonee Valley,-37.7524,144.8714,Western Metropolitan,4502
Ashwood,17 Parkhill Dr,4,h,1240,S,Tim,19/11/2016,12.2,3147,4,2,2,766,192,1950,Monash,-37.8629,145.1097,Southern Metropolitan,2894
Avondale Heights,9 Willow Dr,3,h,850,S,Moonee,18/03/2017,10.5,3034,3,1,2,766,149,,Moonee Valley,-37.7522,144.8518,Western Metropolitan,4502
Ashwood,9 Katta Ct,3,h,1060,S,Harcourts,16/07/2016,12.2,3147,2,1,2,772,,,Monash,-37.8707,145.1036,Southern Metropolitan,2894
Airport West,75 King St,3,h,910,S,McDonald,17/09/2016,13.5,3042,3,1,1,775,,,Moonee Valley,-37.7231,144.8835,Western Metropolitan,3464
Altona,173 Queen St,3,h,1335,S,hockingstuart,8/10/2016,13.8,3018,3,1,4,777,22,1953,Hobsons Bay,-37.8697,144.8249,Western Metropolitan,5301
Abbotsford,3/72 Charles St,4,h,1330,PI,Kay,18/03/2017,2.5,3067,4,2,2,780,135,1900,Yarra,-37.8073,144.9952,Northern Metropolitan,4019
Ashburton,45 Yuile St,3,h,1655,S,Jellis,10/12/2016,11,3147,3,1,3,780,152,1940,Boroondara,-37.8599,145.0815,Southern Metropolitan,3052
Ashburton,47 Yuile St,4,h,1550,VB,Marshall,12/11/2016,11,3147,4,2,2,780,180,1938,Boroondara,-37.86,145.0817,Southern Metropolitan,3052
Ashwood,58 Ashwood Dr,3,h,1631,S,Jellis,15/10/2016,12.2,3147,3,2,3,782,215,1950,Monash,-37.8621,145.1021,Southern Metropolitan,2894
Avondale Heights,14 Lovett Dr,4,h,1160,S,Moonee,7/5/2016,10.5,3034,4,3,2,789,,,Moonee Valley,-37.7537,144.8729,Western Metropolitan,4502
Ashwood,35 Douglas St,3,h,1365,S,Fletchers,10/9/2016,12.2,3147,3,1,1,792,792,1950,Monash,-37.864,145.0972,Southern Metropolitan,2894
Altona,51 Millers Rd,4,h,1030,S,Barlow,25/02/2017,13.8,3018,4,1,0,797,,,Hobsons Bay,-37.8663,144.8387,Western Metropolitan,5301
Ashwood,95 Huntingdale Rd,4,h,1100,VB,Tim,10/12/2016,12.2,3147,3,2,2,803,152,1970,Monash,-37.8621,145.1126,Southern Metropolitan,2894
Ashburton,9 Gona Ct,3,h,1710,S,hockingstuart,10/12/2016,11,3147,3,1,2,806,101,1950,Boroondara,-37.8695,145.084,Southern Metropolitan,3052
Alphington,83 Fulham Rd,5,h,2840,S,Nelson,12/6/2016,6.4,3078,5,4,4,809,165,1910,Darebin,-37.775,145.0268,Northern Metropolitan,2211
Avondale Heights,2 Drake Ct,3,h,875,S,Edward,25/02/2017,10.5,3034,3,1,3,812,117,1960,Moonee Valley,-37.765,144.8578,Western Metropolitan,4502
Ashwood,4 Newbury Ct,3,h,1200,VB,Buxton,28/05/2016,12.2,3147,3,2,2,839,198,1970,Monash,-37.8614,145.1098,Southern Metropolitan,2894
Ashwood,28 Raymond St,3,h,1250,S,Woodards,3/12/2016,12.2,3147,3,1,1,842,,,Monash,-37.867,145.1092,Southern Metropolitan,2894
Ashburton,9 Pitt St,4,h,1950,S,Tim,28/05/2016,11,3147,4,2,2,844,278,1940,Boroondara,-37.8715,145.0688,Southern Metropolitan,3052
Altona North,10 Murphy St,4,h,965,SP,Gunn&Co,15/10/2016,11.1,3025,4,1,4,851,,,Hobsons Bay,-37.8345,144.8444,Western Metropolitan,5132
Alphington,6 Smith St,4,h,2000,S,Brace,3/9/2016,6.4,3078,3,2,4,853,263,1930,Darebin,-37.7707,145.0318,Northern Metropolitan,2211
Armadale,1/42 Adelaide St,2,u,550,VB,Noel,3/12/2016,6.3,3143,2,1,0,861,,,Stonnington,-37.8539,145.0284,Southern Metropolitan,4836
Avondale Heights,2 Hillman Ct,4,h,1100,VB,Brad,22/05/2016,10.5,3034,4,3,2,873,395,1992,Moonee Valley,-37.7609,144.8639,Western Metropolitan,4502
Armadale,7/53 Wattletree Rd,1,u,390,S,Jellis,14/05/2016,6.3,3143,1,1,0,881,,,Stonnington,-37.8614,145.0222,Southern Metropolitan,4836
Altona,49 Bent St,3,h,1500,S,Barlow,28/05/2016,13.8,3018,3,1,1,929,,,Hobsons Bay,-37.8651,144.832,Western Metropolitan,5301
Airport West,180 Parer Rd,3,h,830,S,Barry,16/04/2016,13.5,3042,3,1,2,971,113,1960,Moonee Valley,-37.7186,144.876,Western Metropolitan,3464
Airport West,11 Harrington Rd,6,h,725,SP,Barry,7/5/2016,13.5,3042,6,3,2,976,186,1980,Moonee Valley,-37.7239,144.8735,Western Metropolitan,3464
Alphington,22 Lowther St,3,h,1165,S,Barry,27/06/2016,6.4,3078,3,1,2,979,,,Yarra,-37.7792,145.029,Northern Metropolitan,2211
Ascot Vale,75 Maribyrnong Rd,6,h,2425,PI,Brad,4/6/2016,5.9,3032,6,3,2,1014,435,1887,Moonee Valley,-37.7721,144.9184,Western Metropolitan,6567
Altona,29 Rose St,4,h,1780,SP,Greg,4/6/2016,13.8,3018,4,3,6,1057,220,1962,Hobsons Bay,-37.8681,144.819,Western Metropolitan,5301
Airport West,3 Deidre Ct,3,h,895,PI,Rendina,10/9/2016,13.5,3042,3,1,6,1063,133,1975,Moonee Valley,-37.7249,144.8728,Western Metropolitan,3464
Ashburton,159 Ashburn Gr,3,h,1320,PI,Marshall,28/08/2016,11,3147,3,1,2,1063,,,Boroondara,-37.8752,145.0754,Southern Metropolitan,3052
Ashburton,15 Comas Gr,5,h,2752,S,Jellis,22/08/2016,11,3147,6,4,2,1075,390,2010,Boroondara,-37.8714,145.073,Southern Metropolitan,3052
Armadale,2/377 Dandenong Rd,2,u,872,S,Jellis,25/02/2017,6.3,3143,2,1,1,1194,,1953,Stonnington,-37.8604,145.0147,Southern Metropolitan,4836
Ashburton,115 Ashburn Gr,8,h,2950,S,hockingstuart,10/9/2016,11,3147,9,7,4,1472,618,2009,Boroondara,-37.8729,145.0788,Southern Metropolitan,3052
Armadale,367 Dandenong Rd,6,h,5525,S,Marshall,17/09/2016,6.3,3143,5,3,4,1491,516,1935,Stonnington,-37.8602,145.013,Southern Metropolitan,4836
Armadale,526 Orrong Rd,4,h,3000,VB,Jellis,4/6/2016,6.3,3143,4,2,2,1581,,1934,Stonnington,-37.858,145.0111,Southern Metropolitan,4836
Avondale Heights,22 Warrick Ct,4,h,1600,PI,Nelson,10/12/2016,10.5,3034,4,3,3,1801,,,Moonee Valley,-37.7532,144.8766,Western Metropolitan,4502
Ascot Vale,18/54 Epsom Rd,2,u,390,PI,Jellis,25/02/2017,5.9,3032,2,1,1,1957,69,2012,Moonee Valley,-37.7731,144.9074,Western Metropolitan,6567
Armadale,9/19 Mercer Rd,3,u,735,PI,Marshall,7/5/2016,6.3,3143,3,2,1,2113,14,1970,Stonnington,-37.8543,145.0262,Southern Metropolitan,4836
Armadale,10/51 Armadale St,2,u,710,S,Jellis,25/02/2017,6.3,3143,2,1,1,2471,80,1970,Stonnington,-37.8573,145.0186,Southern Metropolitan,4836
Abbotsford,138/56 Nicholson St,3,u,1090,S,Jellis,18/03/2017,2.5,3067,3,2,2,4290,27,,Yarra,-37.8078,144.9965,Northern Metropolitan,4019
